User ID,Agent Name,Total Calls,Total Talk Time,Incoming Total,Incoming Missed,Incoming Avg Per Hour,Incoming  Talk Time,Incoming  Average Talk Time,Incoming Max Talk Time,Incoming Average Ring Time,Outgoing Total,Outgoing Avg Per Hour,Outgoing Unanswered,Outgoing Answered,Outgoing Total Talk Time,Outgoing Avg Talk Time,Outgoing Max Talk Time
203,Kasia 203 <203> ,23,01:04:00,12,0,13.59,00:52:58,00:04:24,00:29:36,00:00:08,11,59.82,2,9,00:11:02,00:01:00,00:05:27
202,Serish 202 <202> ,11,00:11:45,6,0,41.22,00:08:44,00:01:27,00:05:42,00:00:22,5,99.45,0,5,00:03:01,00:00:36,00:01:09
200,Manager 200 <200> ,0,00:00:00,0,0,0,00:00:00,00:00:00,00:00:00,00:00:00,0,0,0,0,00:00:00,00:00:00,00:00:00
201,Nikolett 201 <201> ,0,00:00:00,0,0,0,00:00:00,00:00:00,00:00:00,00:00:00,0,0,0,0,00:00:00,00:00:00,00:00:00
--,Total,34,1:15:45,18,0,54.81,1:54:40,0:05:51,0:35:18,0:00:30,16,159.27,2,14,0:14:03,0:01:36,0:06:36
,,,,,
,,,,,
User,Date and Time,Source,Destination,Duration,Direction
,,,,,
,SummaryKasia 203 <203> ,,,,,,,,,,,,,,,,
User ID,Agent Name,Total Calls,Total Talk Time,Incoming Total,Incoming Missed,Incoming Avg Per Hour,Incoming  Talk Time,Incoming  Average Talk Time,Incoming Max Talk Time,Incoming Average Ring Time,Outgoing Total,Outgoing Avg Per Hour,Outgoing Unanswered,Outgoing Answered,Outgoing Total Talk Time,Outgoing Avg Talk Time,Outgoing Max Talk Time
203,Kasia 203 <203> ,23,01:04:00,12,0,13.59,00:52:58,00:04:24,00:29:36,00:00:08,11,59.82,2,9,00:11:02,00:01:00,00:05:27
,,,,,
User,Date and Time,Source,Destination,Duration,Direction
203,2024-06-07 16:07:12,07934527944,+441733806883,00:02:48,Incoming
203,2024-06-07 15:25:27,442380982099,01260280290,00:00:36,Outgoing
203,2024-06-07 15:23:33,442380982099,07577484857,00:01:42,Outgoing
203,2024-06-07 15:17:56,442380982099,01260280290,00:05:27,Outgoing
203,2024-06-07 15:09:24,07577484857,+441614644219,00:03:49,Incoming
203,2024-06-06 15:57:46,442380982099,07869148583,00:00:00,Outgoing
203,2024-06-06 15:21:45,07934527944,+441733806883,00:29:45,Incoming
203,2024-06-06 15:19:31,442380982099,07411633339,00:00:21,Outgoing
203,2024-06-06 15:17:58,07869148583,+442380983370,00:00:53,Incoming
203,2024-06-06 15:09:10,442380982099,07459245920,00:01:08,Outgoing
203,2024-06-06 14:34:47,07869148583,+442380983370,00:00:23,Incoming
203,2024-06-06 14:02:06,01489775500,+441274061781,00:01:14,Incoming
203,2024-06-06 13:04:37,442380982099,01260288333,00:01:16,Outgoing
203,2024-06-05 18:12:45,07412917579,+441733806883,00:01:08,Incoming
203,2024-06-05 14:34:01,07852544824,+442380982099,00:00:23,Incoming
203,2024-06-05 14:24:15,07852544824,+442380982099,00:01:34,Incoming
203,2024-06-04 18:44:59,442380982099,02380866416,00:00:21,Outgoing
203,2024-06-04 17:52:36,02380862570,+441733806883,00:09:55,Incoming
203,2024-06-04 16:55:33,07928161060,+442380983370,00:00:27,Incoming
203,2024-06-04 15:28:40,442380982099,07869148583,00:00:00,Outgoing
203,2024-06-04 15:19:18,02079022330,+442380982099,00:00:39,Incoming
,,,,,
,SummarySerish 202 <202> ,,,,,,,,,,,,,,,,
User ID,Agent Name,Total Calls,Total Talk Time,Incoming Total,Incoming Missed,Incoming Avg Per Hour,Incoming  Talk Time,Incoming  Average Talk Time,Incoming Max Talk Time,Incoming Average Ring Time,Outgoing Total,Outgoing Avg Per Hour,Outgoing Unanswered,Outgoing Answered,Outgoing Total Talk Time,Outgoing Avg Talk Time,Outgoing Max Talk Time
202,Serish 202 <202> ,11,00:11:45,6,0,41.22,00:08:44,00:01:27,00:05:42,00:00:22,5,99.45,0,5,00:03:01,00:00:36,00:01:09
,,,,,
User,Date and Time,Source,Destination,Duration,Direction
202,2024-06-10 20:09:36,01489775500,+441274061781,00:00:33,Incoming
202,2024-06-07 15:22:30,01489775500,+441274061781,00:00:34,Incoming
202,2024-06-05 15:53:00,442380983370,01189722028,00:00:06,Outgoing
202,2024-06-05 15:46:37,07812694541,+441614644219,00:05:53,Incoming
202,2024-06-05 15:32:21,01489775500,+441274061781,00:00:33,Incoming
202,2024-06-04 18:43:54,07740163776,+442380983370,00:02:04,Incoming
202,2024-06-04 18:38:17,442380983370,01189722028,00:00:12,Outgoing
202,2024-06-04 18:37:53,442380983370,01189722028,00:00:19,Outgoing
202,2024-06-04 18:35:52,442380983370,07740163776,00:01:09,Outgoing
202,2024-06-04 15:53:27,01489775500,+441274061781,00:00:38,Incoming
,,,,,
,SummaryManager 200 <200> ,,,,,,,,,,,,,,,,
User ID,Agent Name,Total Calls,Total Talk Time,Incoming Total,Incoming Missed,Incoming Avg Per Hour,Incoming  Talk Time,Incoming  Average Talk Time,Incoming Max Talk Time,Incoming Average Ring Time,Outgoing Total,Outgoing Avg Per Hour,Outgoing Unanswered,Outgoing Answered,Outgoing Total Talk Time,Outgoing Avg Talk Time,Outgoing Max Talk Time
200,Manager 200 <200> ,0,00:00:00,0,0,0,00:00:00,00:00:00,00:00:00,00:00:00,0,0,0,0,00:00:00,00:00:00,00:00:00
,,,,,
User,Date and Time,Source,Destination,Duration,Direction
,,,,,
,SummaryNikolett 201 <201> ,,,,,,,,,,,,,,,,
User ID,Agent Name,Total Calls,Total Talk Time,Incoming Total,Incoming Missed,Incoming Avg Per Hour,Incoming  Talk Time,Incoming  Average Talk Time,Incoming Max Talk Time,Incoming Average Ring Time,Outgoing Total,Outgoing Avg Per Hour,Outgoing Unanswered,Outgoing Answered,Outgoing Total Talk Time,Outgoing Avg Talk Time,Outgoing Max Talk Time
201,Nikolett 201 <201> ,0,00:00:00,0,0,0,00:00:00,00:00:00,00:00:00,00:00:00,0,0,0,0,00:00:00,00:00:00,00:00:00
,,,,,
User,Date and Time,Source,Destination,Duration,Direction
,,,,,
,SummaryTotal,,,,,,,,,,,,,,,,
User ID,Agent Name,Total Calls,Total Talk Time,Incoming Total,Incoming Missed,Incoming Avg Per Hour,Incoming  Talk Time,Incoming  Average Talk Time,Incoming Max Talk Time,Incoming Average Ring Time,Outgoing Total,Outgoing Avg Per Hour,Outgoing Unanswered,Outgoing Answered,Outgoing Total Talk Time,Outgoing Avg Talk Time,Outgoing Max Talk Time
--,Total,34,1:15:45,18,0,54.81,1:54:40,0:05:51,0:35:18,0:00:30,16,159.27,2,14,0:14:03,0:01:36,0:06:36
,,,,,
User,Date and Time,Source,Destination,Duration,Direction
