{
  "215@Consortio": 600,
  "217@Consortio": 600,
  "221@Consortio": 600,
  "224@Consortio": 600,
  "236@Consortio": 600,
  "242@Consortio": 600,
  "244@Consortio": 600,
  "245@Consortio": 600,
  "200@Consortio": 600,
  "201@Consortio": 600,
  "202@Consortio": 600,
  "204@Consortio": 600,
  "205@Consortio": 600,
  "206@Consortio": 600,
  "207@Consortio": 600,
  "208@Consortio": 600,
  "210@Consortio": 600,
  "211@Consortio": 600,
  "212@Consortio": 600,
  "213@Consortio": 600,
  "214@Consortio": 600,
  "216@Consortio": 600,
  "218@Consortio": 600,
  "219@Consortio": 600,
  "222@Consortio": 600,
  "223@Consortio": 600,
  "225@Consortio": 600,
  "226@Consortio": 600,
  "235@Consortio": 600,
  "237@Consortio": 600,
  "238@Consortio": 600,
  "239@Consortio": 600,
  "243@Consortio": 600,
  "246@Consortio": 600,
  "247@Consortio": 600,
  "248@Consortio": 600
}